{
  "durotar": {
    "town": {
      "buildings": {
        "mageGuild1": {
          "id": 0,
          "name": "Mage Guild Level 1",
          "description": "Entering the Mage Guild will allow a visiting hero to learn the spells kept within.",
          "cost": {
            "gold": 2000,
            "wood": 5,
            "ore": 5
          }
        },

        "mageGuild2": {
          "id": 1,
          "name": "Mage Guild Level 2",
          "description": "Entering the Mage Guild will allow a visiting hero to learn the spells kept within.",
          "upgrades": "mageGuild1",
          "cost": {
            "gold": 1000,
            "wood": 5,
            "ore": 5,
            "mercury": 4,
            "sulfur": 4,
            "crystal": 4,
            "gems": 4
          }
        },

        "mageGuild3": {
          "id": 2,
          "name": "Mage Guild Level 3",
          "description": "Entering the Mage Guild will allow a visiting hero to learn the spells kept within.",
          "upgrades": "mageGuild2",
          "cost": {
            "gold": 1000,
            "wood": 5,
            "ore": 5,
            "mercury": 6,
            "sulfur": 6,
            "crystal": 6,
            "gems": 6
          }
        },

        "mageGuild4": {
          "id": 3,
          "name": "Mage Guild Level 4",
          "description": "Entering the Mage Guild will allow a visiting hero to learn the spells kept within.",
          "upgrades": "mageGuild3",
          "cost": {
            "gold": 1000,
            "wood": 5,
            "ore": 5,
            "mercury": 8,
            "sulfur": 8,
            "crystal": 8,
            "gems": 8
          }
        },

        "mageGuild5": {
          "id": 4,
          "name": "Mage Guild Level 5",
          "description": "Entering the Mage Guild will allow a visiting hero to learn the spells kept within.",
          "upgrades": "mageGuild4",
          "cost": {
            "gold": 1000,
            "wood": 5,
            "ore": 5,
            "mercury": 10,
            "sulfur": 10,
            "crystal": 10,
            "gems": 10
          }
        },

        "tavern": {
          "id": 5,
          "name": "Tavern",
          "description": "The Tavern increases morale for troops defending the city.",
          "cost": {
            "gold": 500,
            "wood": 5
          }
        },

        "fort": {
          "id": 7,
          "name": "Fort",
          "description": "The Fort provides your town with defensive walls.",
          "cost": {
            "gold": 5000,
            "wood": 20,
            "ore": 20
          }
        },

        "citadel": {
          "id": 8,
          "name": "Citadel",
          "description": "Including a 50% increase to base creature growth, the Citadel adds a keep, and other terrain obstacles, to a town's defenses.",
          "upgrades": "fort",
          "cost": {
            "gold": 2500,
            "ore": 5
          }
        },

        "castle": {
          "id": 9,
          "name": "Castle",
          "description": "The Castle adds two arrow towers, fortifies your town's defenses, and doubles base creature growth.",
          "upgrades": "citadel",
          "cost": {
            "gold": 5000,
            "wood": 10,
            "ore": 10
          }
        },

        "villageHall": {
          "id": 10,
          "name": "Village Hall",
          "description": "The Village Hall allows you to purchase town structures and earns your kingdom 500 gold per day.",
          "mode": "auto",
          "produce": {
            "gold": 500
          }
        },

        "townHall": {
          "id": 11,
          "name": "Town Hall",
          "description": "The Town Hall allows you to purchase town structures and earns your kingdom 1000 gold per day.",
          "upgrades": "villageHall",
          "requires": ["tavern"],
          "cost": {
            "gold": 2500
          },

          "produce": {
            "gold": 1000
          }
        },

        "cityHall": {
          "id": 12,
          "name": "City Hall",
          "description": "The City Hall allows you to purchase town structures and earns your kingdom 2000 gold per day.",
          "upgrades": "townHall",
          "requires": [
            "allOf",
            ["mageGuild1"],
            ["blacksmith"],
            ["marketplace"]
          ],

          "cost": {
            "gold": 5000
          },

          "produce": {
            "gold": 2000
          }
        },

        "capitol": {
          "id": 13,
          "name": "Capitol",
          "description": "The Capitol earns your kingdom 4000 gold per day.",
          "upgrades": "cityHall",
          "requires": ["castle"],
          "cost": {
            "gold": 10000
          },

          "produce": {
            "gold": 4000
          }
        },

        "marketplace": {
          "id": 14,
          "name": "Marketplace",
          "description": "With the Marketplace, you can buy and sell resources (exchange rates increase with each Marketplace you own).",
          "cost": {
            "gold": 500,
            "wood": 5
          }
        },

        "resourceSilo": {
          "id": 15,
          "name": "Resource Silo",
          "description": "The Resourse Silo provides you with an additional +1 wood and +1 ore each day.",
          "requires": ["marketplace"],
          "cost": {
            "gold": 5000,
            "ore": 5
          },

          "produce": {
            "wood": 1,
            "ore": 1
          }
        },

        "blacksmith": {
          "id": 16,
          "name": "Blacksmith",
          "description": "The Blacksmith provides your armies with Ballista.",
          "cost": {
            "gold": 1000,
            "wood": 5
          }
        },

        "special1": {
          "id": 17,
          "name": "Jerky Storehouse",
          "description": "Gives every visiting hero 1 Attack once.",
          "type": "attackVisitingBonus",
          "requires": [
            "allOf",
            ["fort"],
            ["townHall"]
          ],

          "cost": {
            "gold": 1000
          }
        },

        "horde1": {
          "id": 18,
          "name": "Villages",
          "description": "Increases weekly growth of 1st tier by 7.",
          "upgrades": "dwellingLvl1",
          "cost": {
            "gold": 1000
          }
        },

        "horde1Upg": {
          "id": 19,
          "name": "Villages",
          "description": "Increases weekly growth of upgraded 1st tier by 7.",
          "upgrades": "dwellingUpLvl1",
          "requires": ["horde1"],
          "mode": "auto"
        },

        "special2": {
          "id": 21,
          "name": "Upg. Jerky Storehouse",
          "description": "Earns your kingdom 2000 gold per day.",
          "requires": ["special1"],
          "cost": {
            "gold": 10000
          },

          "produce": {
            "gold": 2000
          }
        },

        "special3": {
          "id": 22,
          "name": "Liana Bridge",
          "description": "Allows to sell troops for resources.",
          "requires": ["marketplace"],
          "type": "freelancersGuild",
          "cost": {
            "gold": 1000
          }
        },

        "special4": {
          "id": 23,
          "name": "Blood Obelisk",
          "description": "Provides +2 defense during sieges.",
          "requires": ["tavern"],
          "type": "defenseGarrisonBonus",
          "cost": {
            "gold": 1000
          }
        },

        "grail": {
          "id": 26,
          "name": "Gisant",
          "description": "The Gisant increases weekly creature generation by 50 percent, adds 5000 gold per day, increases the Attack and Defence of a garrison hero by +10 when defending against a siege.",
          "mode": "grail",
          "produce": {
            "gold": 5000
          },

          "bonuses": [
            {
              "type": "PRIMARY_SKILL",
              "subtype": "primarySkill.attack",
              "val": 10
            },

            {
              "type": "PRIMARY_SKILL",
              "subtype": "primarySkill.defence",
              "val": 10
            }
          ]
        },

        "extraCapitol": {
          "id": 29,
          "name": "Waterfall",
          "description": " ",
          "requires": ["capitol"],
          "mode": "auto"
        },

        "dwellingLvl1": {
          "id": 30,
          "name": "Fold",
          "description": "Allows to recruit Peons",
          "requires": ["fort"],
          "cost": {
            "gold": 500
          }
        },

        "dwellingLvl2": {
          "id": 31,
          "name": "Casern",
          "description": "Allows to recruit Desert Trolls",
          "requires": ["fort"],
          "cost": {
            "gold": 1000
          }
        },

        "dwellingLvl3": {
          "id": 32,
          "name": "Tannery",
          "description": "Allows to recruit Ogres",
          "requires": [
            "allOf",
            ["fort"],
            ["dwellingLvl1"]
          ],

          "cost": {
            "gold": 1500,
            "wood": 5
          }
        },

        "dwellingLvl4": {
          "id": 33,
          "name": "The Stormy Naos",
          "description": "Allows to recruit Shamans",
          "requires": ["dwellingLvl3"],
          "cost": {
            "gold": 2000,
            "ore": 5
          }
        },

        "dwellingLvl5": {
          "id": 34,
          "name": "Wyrmrest Sanctum",
          "description": "Allows to recruit Drakes",
          "requires": [
            "allOf",
            ["fort"],
            ["dwellingLvl2"]
          ],

          "cost": {
            "gold": 2500,
            "wood": 5,
            "ore": 5
          }
        },

        "dwellingLvl6": {
          "id": 35,
          "name": "Boulder Abode",
          "description": "Allows to recruit Taurens",
          "requires": [
            "allOf",
            ["dwellingLvl4"],
            ["dwellingLvl5"]
          ],

          "cost": {
            "gold": 3000,
            "wood": 10,
            "ore": 10
          }
        },

        "dwellingLvl7": {
          "id": 36,
          "name": "Ridge of the Damned",
          "description": "Allows to recruit Fire Dragons",
          "requires": [
            "allOf",
            ["dwellingLvl6"],
            ["mageGuild2"]
          ],

          "cost": {
            "gold": 10000,
            "wood": 10,
            "ore": 10,
            "gems": 10
          }
        },

        "dwellingUpLvl1": {
          "id": 37,
          "name": "Upg. Fold",
          "description": "Allows to recruit Foremans",
          "upgrades": "dwellingLvl1",
          "cost": {
            "gold": 1000
          }
        },

        "dwellingUpLvl2": {
          "id": 38,
          "name": "Upg. Casern",
          "description": "Allow to recruit Sandfury Trolls",
          "upgrades": "dwellingLvl2",
          "cost": {
            "gold": 1000,
            "ore": 5
          }
        },

        "dwellingUpLvl3": {
          "id": 39,
          "name": "Upg. Tannery",
          "description": "Allows to recruit Power Ogres",
          "upgrades": "dwellingLvl3",
          "cost": {
            "gold": 1500,
            "wood": 5
          }
        },

        "dwellingUpLvl4": {
          "id": 40,
          "name": "Upg. Stormy Naos",
          "description": "Allows to recruit Regal Shamans",
          "upgrades": "dwellingLvl4",
          "cost": {
            "gold": 2000,
            "wood": 5,
            "ore": 5
          }
        },

        "dwellingUpLvl5": {
          "id": 41,
          "name": "Upg. Wyrmrest Sanctum",
          "description": "Allows to recruit Palatial Drakes",
          "upgrades": "dwellingLvl5",
          "cost": {
            "gold": 2500,
            "wood": 5,
            "ore": 5,
            "crystal": 5
          }
        },

        "dwellingUpLvl6": {
          "id": 42,
          "name": "Upg. Boulder Abode",
          "description": "Allows to recruit Bloodhoof Taurens",
          "upgrades": "dwellingLvl6",
          "cost": {
            "gold": 3000,
            "wood": 10,
            "ore": 10
          }
        },

        "dwellingUpLvl7": {
          "id": 43,
          "name": "Upg. Ridge of the Damned",
          "description": "Allows to recruit Yellow Dragons",
          "upgrades": "dwellingLvl7",
          "requires": ["mageGuild3"],
          "cost": {
            "gold": 15000,
            "wood": 15,
            "ore": 15,
            "gems": 20
          }
        }
      }
    }
  }
}