{
  "durotar": {
    "name": "Durotar",
    "alignment": "neutral",
    "nativeTerrain": "swamp",
    "boat": "boatFortress",
    "creatureBackground": {
      "120px": "durotar/120px.png",
      "130px": "durotar/130px.png"
    },

    "town": {
      // "primaryResource": "", // wood + ore
      "warMachine": "ballista",
      "moatAbility": "durotarMoat",
      "defaultTavern": 5,
      "horde": [0, -1], // 0 - 1st horde building; 1 - 2nd horde building (-1 if not present)

      "townBackground": "durotar/town-screen/background.png",
      "hallBackground": "durotar/town-screen/tpthbkcs.png",
      "guildBackground": "TPMAGE.bmp",
      "guildWindow": "durotar/town-screen/guild-window.png",
      "buildingsIcons": "durotar/town-hall.def",

      "musicTheme": "music/durotar/theme.ogg",
      "tavernVideo": "TAVERN.BIK",

      "icons": {
        "village": {
          "normal": {
            "small": "durotar/icons/hall-small.png",
            "large": "durotar/icons/hall-big.png"
          },

          "built": {
            "small": "durotar/icons/hall-small-built.png",
            "large": "durotar/icons/hall-big-built.png"
          }
        },

        "fort": {
          "normal": {
            "small": "durotar/icons/fort-small.png",
            "large": "durotar/icons/fort-big.png"
          },

          "built": {
            "small": "durotar/icons/fort-small-built.png",
            "large": "durotar/icons/fort-big-built.png"
          }
        }
      },

      "hallSlots": [
        [
          ["villageHall", "townHall", "cityHall", "capitol"],
          ["fort", "citadel", "castle"],
          ["tavern", "special4"],
          ["blacksmith"]
        ],

        [
          ["marketplace", "resourceSilo"],
          ["mageGuild1", "mageGuild2", "mageGuild3", "mageGuild4", "mageGuild5"],
          ["special1", "special2"]
        ],

        [
          ["special3"],
          ["horde1", "horde1Upg"]
        ],

        [
          ["dwellingLvl1", "dwellingUpLvl1"],
          ["dwellingLvl2", "dwellingUpLvl2"],
          ["dwellingLvl3", "dwellingUpLvl3"],
          ["dwellingLvl4", "dwellingUpLvl4"]
        ],

        [
          ["dwellingLvl5", "dwellingUpLvl5"],
          ["dwellingLvl6", "dwellingUpLvl6"],
          ["dwellingLvl7", "dwellingUpLvl7"]
        ]
      ],

      "creatures": [
        ["drtLv1", "drtLv1up"],
        ["drtLv2", "drtLv2up"],
        ["drtLv3", "drtLv3up"],
        ["drtLv4", "drtLv4up"],
        ["drtLv5", "drtLv5up"],
        ["drtLv6", "drtLv6up"],
        ["drtLv7", "drtLv7up"]
      ],

      "mapObject": {
        "templates": {
          "capitol": {
            "animation": "durotar/adventure-map/town-capitol.def"
          },
          "castle": {
            "animation": "durotar/adventure-map/town-castle.def"
          },
          "citadel": {
            "animation": "durotar/adventure-map/town-citadel.def"
          },
          "fort": {
            "animation": "durotar/adventure-map/town-fort.def"
          },
          "village": {
            "animation": "durotar/adventure-map/town-village.def"
          }
        }
      },

      "names": [
        "Tarren Mill",
        "Apothecary Camp",
        "Warsong Hold",
        "Razor Hill",
        "Stonard",
        "Izgil",
        "Khu Zrugnag",
        "Dhedza",
        "Grim Ulang",
        "Skull-cairn",
        "Tyar",
        "Hrak",
        "Rust Cliff",
        "Knogler",
        "Log Abrid",
        "Sunreaver"
      ]
    }
  }
}