{
  "durotar": {
    "town": {
      "mageGuild": 5,
      "guildSpells": {
        // Level 1
        "bless": 5,
        "bloodlust": 5,
        "cure": 40,
        "curse": 5,
        "dispel": 5,
        "haste": 50,
        "magicArrow": 60,
        "protectFire": 5,
        "protectWater": 5,
        "shield": 10,
        "slow": 30,
        "stoneSkin": 20,
        "summonBoat": 5,
        "viewAir": 5,
        "viewEarth": 5,

        // Level 2
        "blind": 30,
        "deathRipple": 0,
        "disguise": 5,
        "disruptingRay": 5,
        "fireWall": 5,
        "fortune": 5,
        "iceBolt": 40,
        "lightningBolt": 50,
        "precision": 5,
        "protectAir": 5,
        "quicksand": 5,
        "removeObstacle": 5,
        "scuttleBoat": 5,
        "visions": 5,
        "weakness": 5,

        // Level 3
        "airShield": 5,
        "animateDead": 0,
        "antiMagic": 5,
        "destroyUndead": 30,
        "earthquake": 40,
        "fireball": 10,
        "forceField": 5,
        "forgetfulness": 5,
        "frostRing": 20,
        "hypnotize": 5,
        "landMine": 5,
        "mirth": 5,
        "misfortune": 5,
        "protectEarth": 5,
        "teleport": 5,

        //Level 4
        "armageddon": 5,
        "berserk": 5,
        "chainLightning": 30,
        "clone": 5,
        "counterstrike": 5,
        "fireShield": 5,
        "frenzy": 5,
        "inferno": 5,
        "meteorShower": 10,
        "prayer": 5,
        "resurrection": 5,
        "slayer": 5,
        "sorrow": 5,
        "townPortal": 20,
        "waterWalk": 10,

        //Level 5
        "dimensionDoor": 10,
        "fly": 30,
        "implosion": 10,
        "magicMirror": 5,
        "sacrifice": 5,
        "airElemental": 5,
        "earthElemental": 5,
        "fireElemental": 5,
        "waterElemental": 5
      }
    }
  }
}