{
  "drtMagic": {
    "name": "Shaman",
    "faction": "durotar",
    "affinity": "magic",
    "commander": "drtCommand",

    "primarySkills": {
      "attack": 1,
      "defence": 1,
      "spellpower": 2,
      "knowledge": 2
    },

    "lowLevelChance": {
      "attack": 20,
      "defence": 20,
      "spellpower": 30,
      "knowledge": 30
    },

    "highLevelChance": {
      "attack": 25,
      "defence": 25,
      "spellpower": 25,
      "knowledge": 25
    },

    "secondarySkills": {
      "airMagic": 8,
      "earthMagic": 8,
      "fireMagic": 6,
      "waterMagic": 8,
      "archery": 1,
      "armorer": 1,
      "offence": 1,
      "resistance": 1,
      "tactics": 6,
      "artillery": 8,
      "ballistics": 1,
      "firstAid": 1,
      "diplomacy": 3,
      "eagleEye": 1,
      "estates": 1,
      "learning": 6,
      "intelligence": 8,
      "mysticism": 6,
      "scholar": 6,
      "sorcery": 6,
      "wisdom": 10,
      "leadership": 1,
      "luck": 1,
      "logistics": 6,
      "pathfinding": 1,
      "navigation": 6,
      "scouting": 1,
      "necromancy": 0
    },

    "defaultTavern": 5,
    "tavern": {
      "castle": 4,
      "rampart": 4,
      "tower": 4,
      "inferno": 4,
      "necropolis": 4,
      "dungeon": 4,
      "stronghold": 4,
      "fortress": 4,
      "conflux": 4,
      "durotar": 6
    },

    "animation": {
      "battle": {
        "female": "durotar/magic",
        "male": "durotar/magic"
      }
    },

    "mapObject": {
      "templates": {
        "default": {
          "animation": "durotar/mapMagic"
        }
      }
    }
  }
}