{
  "durotarMoatTrigger": {
    "name": "Ditch",
    "type": "ability",
    "targetType": "CREATURE",
    "school": {},
    "level": 0,
    "power": 0,
    "gainChance": {},
    "levels": {
      "base": {
        "power": 0,
        "range": "0",
        "description": "",
        "cost": 0,
        "aiValue": 0,
        "battleEffects": {
          "directDamage": {
            "type": "core:damage"
          }
        },

        "targetModifier": {
          "smart": false
        }
      },

      "none": {},
      "basic": {},
      "advanced": {},
      "expert": {}
    },

    "flags": {
      "damage": true,
      "negative": true,
      "nonMagical": true,
      "special": true
    },

    "targetCondition": {}
  },

  "durotarMoat": {
    "name": "Ditch",
    "type": "ability",
    "targetType": "NO_TARGET",
    "school": {},
    "level": 0,
    "power": 0,
    "defaultGainChance": 0,
    "gainChance": {},
    "levels": {
      "base": {
        "description": "",
        "power": 0,
        "range": "X",
        "cost": 0,
        "aiValue": 0,
        "battleEffects": {
          "moat": {
            "type": "core:moat",
            "triggerAbility": "durotarMoatTrigger",
            "hidden": false,
            "trap": true,
            "dispellable": false,
            "removeOnTrigger": false,
            "moatDamage": 90,
            "moatHexes": [[11, 28, 44, 61, 77, 111, 129, 146, 164, 181]],
            "defender": {},
            "bonus": {
              "primarySkill": {
                "type": "PRIMARY_SKILL",
                "subtype": "primarySkill.defence",
                "val": -3,
                "valueType": "ADDITIVE_VALUE"
              }
            }
          }
        },

        "targetModifier": {
          "smart": false
        }
      },

      "none": {},
      "basic": {},
      "advanced": {},
      "expert": {}
    },

    "flags": {
      "nonMagical": true,
      "indifferent": true
    },

    "targetCondition": {}
  }
}