{
  "name": "Durotar",
  "description": "Durotar town",
  "version": "1.1.0",
  "author": "Vũ Đắc Hoàng Ân",
  "contact": "https://github.com/vdhan/durotar",
  "modType": "Town",
  "licenseName": "Creative Commons Attribution-NonCommercial-ShareAlike",
  "licenseURL": "https://creativecommons.org/licenses/by-nc-sa/4.0/",

  "compatibility": {
		"min": "1.3.0"
	},

  "changelog": {
      "1.0.0": ["Initial release"],
      "1.1.0": ["Compatible with VCMI 1.3"]
  },

  "vietnamese": {
    "name": "Durotar",
    "description": "Thành tộc Durotar",
    "translations": ["translation/durotar/vietnamese"]
  },

  "factions": [
    "config/durotar/town/building",
    "config/durotar/town/faction",
    "config/durotar/town/siege",
    "config/durotar/town/spell",
    "config/durotar/town/structure",
    "config/durotar/puzzle"
  ],

  "heroClasses": [
    "config/durotar/classes/might",
    "config/durotar/classes/magic"
  ],

  "heroes": [
    "config/durotar/heroes/magic1",
    "config/durotar/heroes/magic2",
    "config/durotar/heroes/magic3",
    "config/durotar/heroes/magic4",
    "config/durotar/heroes/magic5",
    "config/durotar/heroes/magic6",
    "config/durotar/heroes/magic7",
    "config/durotar/heroes/magic8",

    "config/durotar/heroes/might1",
    "config/durotar/heroes/might2",
    "config/durotar/heroes/might3",
    "config/durotar/heroes/might4",
    "config/durotar/heroes/might5",
    "config/durotar/heroes/might6",
    "config/durotar/heroes/might7",
    "config/durotar/heroes/might8"
  ],

  "creatures": [
    "config/durotar/creatures/lv1",
    "config/durotar/creatures/lv1up",
    "config/durotar/creatures/lv2",
    "config/durotar/creatures/lv2up",
    "config/durotar/creatures/lv3",
    "config/durotar/creatures/lv3up",
    "config/durotar/creatures/lv4",
    "config/durotar/creatures/lv4up",
    "config/durotar/creatures/lv5",
    "config/durotar/creatures/lv5up",
    "config/durotar/creatures/lv6",
    "config/durotar/creatures/lv6up",
    "config/durotar/creatures/lv7",
    "config/durotar/creatures/lv7up",

    "config/durotar/commander"
  ],

  "spells": ["config/durotar/spells/moat"],

  "objects": ["config/durotar/dwelling"]
}