{
  "drtMagic2": {
    "class": "drtMagic",
    "female": false,
    "spellbook": ["magicArrow"],

    "texts": {
      "name": "Forang",
      "biography": "Forang The Shaman",
      "specialty": {
        "name": "Intelligence",
        "description": "{Intelligence}\n\nReceives a 5% per level bonus to Intelligence skill",
        "tooltip": "Skill Bonus: Intelligence"
      }
    },

    "images": {
      "large": "durotar/heroes/forang/portraitLarge.png",
      "small": "durotar/heroes/forang/portraitSmall.png",
      "specialtyLarge": "durotar/heroes/forang/specLarge.png",
      "specialtySmall": "durotar/heroes/forang/specSmall.png"
    },

    "army": [
      {
        "creature": "drtLv1",
        "min": 16,
        "max": 24
      },

      {
        "creature": "drtLv2",
        "min": 5,
        "max": 6
      },

      {
        "creature": "drtLv3",
        "min": 3,
        "max": 4
      }
    ],

    "skills": [
      {
        "skill": "wisdom",
        "level": "basic"
      },

      {
        "skill": "intelligence",
        "level": "basic"
      }
    ],

    "specialty": {
      "bonuses": {
        "bonusSkill": {
          "type": "MANA_PER_KNOWLEDGE",
          "val": 5,
          "valueType" : "PERCENT_TO_TARGET_TYPE",
          "updater": "TIMES_HERO_LEVEL",
          "targetSourceType": "SECONDARY_SKILL"
        }
      }
    }
  }
}