{
  "drtMagic3": {
    "class": "drtMagic",
    "female": false,
    "spellbook": ["magicArrow"],

    "texts": {
      "name": "Yreima",
      "biography": "Yreima The Shaman",
      "specialty": {
        "name": "Navigation",
        "description": "{Navigation}\n\n+5% per level bonus to movement points at sea",
        "tooltip": "Skill Bonus: Navigation"
      }
    },

    "images": {
      "large": "durotar/heroes/yreima/portraitLarge.png",
      "small": "durotar/heroes/yreima/portraitSmall.png",
      "specialtyLarge": "durotar/heroes/yreima/specLarge.png",
      "specialtySmall": "durotar/heroes/yreima/specSmall.png"
    },

    "army": [
      {
        "creature": "drtLv1",
        "min": 16,
        "max": 24
      },

      {
        "creature": "drtLv2",
        "min": 5,
        "max": 6
      },

      {
        "creature": "drtLv3",
        "min": 3,
        "max": 4
      }
    ],

    "skills": [
      {
        "skill": "wisdom",
        "level": "basic"
      },

      {
        "skill": "navigation",
        "level": "basic"
      }
    ],

    "specialty": {
      "bonuses": {
        "bonusSkill": {
          "type": "MOVEMENT",
          "subtype": 0,
          "val": 5,
          "valueType": "PERCENT_TO_TARGET_TYPE",
          "updater": "TIMES_HERO_LEVEL",
          "targetSourceType": "SECONDARY_SKILL"
        }
      }
    }
  }
}