{
  "drtMagic6": {
    "class": "drtMagic",
    "female": false,
    "spellbook": ["resurrection"],

    "texts": {
      "name": "Hurgor",
      "biography": "Hurgor The Shaman",
      "specialty": {
        "name": "Resurrection",
        "description": "{Resurrection}\n\nCasts Resurrection with increased effect, based on hero level",
        "tooltip": "Spell Bonus: Resurrection"
      }
    },

    "images": {
      "large": "durotar/heroes/hurgor/portraitLarge.png",
      "small": "durotar/heroes/hurgor/portraitSmall.png",
      "specialtyLarge": "durotar/heroes/hurgor/specLarge.png",
      "specialtySmall": "durotar/heroes/hurgor/specSmall.png"
    },

    "army": [
      {
        "creature": "drtLv1",
        "min": 16,
        "max": 24
      },

      {
        "creature": "drtLv2",
        "min": 5,
        "max": 6
      },

      {
        "creature": "drtLv3",
        "min": 3,
        "max": 4
      }
    ],

    "skills": [
      {
        "skill": "wisdom",
        "level": "basic"
      },

      {
        "skill": "earthMagic",
        "level": "basic"
      }
    ],

    "specialty": {
      "bonuses": {
        "bonusSpell": {
          "type": "SPECIAL_SPELL_LEV",
          "subtype": "spell.resurrection",
          "val": 3,
          "updater": "TIMES_HERO_LEVEL"
        }
      }
    }
  }
}