{
  "drtMagic5": {
    "class": "drtMagic",
    "female": true,
    "spellbook": ["chainLightning"],

    "texts": {
      "name": "Kutala",
      "biography": "Kutala The Shaman",
      "specialty": {
        "name": "Chain Lightning",
        "description": "{Chain Lightning}\n\nCasts Chain Lightning with increased effect, based on hero level compared to the level of the target unit",
        "tooltip": "Spell Bonus: Chain Lightning"
      }
    },

    "images": {
      "large": "durotar/heroes/kutala/portraitLarge.png",
      "small": "durotar/heroes/kutala/portraitSmall.png",
      "specialtyLarge": "durotar/heroes/kutala/specLarge.png",
      "specialtySmall": "durotar/heroes/kutala/specSmall.png"
    },

    "army": [
      {
        "creature": "drtLv1",
        "min": 16,
        "max": 24
      },

      {
        "creature": "drtLv2",
        "min": 5,
        "max": 6
      },

      {
        "creature": "drtLv3",
        "min": 3,
        "max": 4
      }
    ],

    "skills": [
      {
        "skill": "wisdom",
        "level": "basic"
      },

      {
        "skill": "airMagic",
        "level": "basic"
      }
    ],

    "specialty": {
      "bonuses": {
        "bonusSpell": {
          "type": "SPECIAL_SPELL_LEV",
          "subtype": "spell.chainLightning",
          "val": 3,
          "updater": "TIMES_HERO_LEVEL"
        }
      }
    }
  }
}