{
  "drtMagic8": {
    "class": "drtMagic",
    "female": true,
    "spellbook": ["cure"],

    "texts": {
      "name": "Gadira",
      "biography": "Gadira The Shaman",
      "specialty": {
        "name": "Sorcery",
        "description": "{Sorcery}\n\nReceives a 5% per level bonus to Sorcery skill",
        "tooltip": "Skill Bonus: Sorcery"
      }
    },

    "images": {
      "large": "durotar/heroes/gadira/portraitLarge.png",
      "small": "durotar/heroes/gadira/portraitSmall.png",
      "specialtyLarge": "durotar/heroes/gadira/specLarge.png",
      "specialtySmall": "durotar/heroes/gadira/specSmall.png"
    },

    "army": [
      {
        "creature": "drtLv1",
        "min": 16,
        "max": 24
      },

      {
        "creature": "drtLv2",
        "min": 5,
        "max": 6
      },

      {
        "creature": "drtLv3",
        "min": 3,
        "max": 4
      }
    ],

    "skills": [
      {
        "skill": "wisdom",
        "level": "basic"
      },

      {
        "skill": "sorcery",
        "level": "basic"
      }
    ],

    "specialty": {
      "bonuses": {
        "bonusSkill": {
          "type": "SPELL_DAMAGE",
          "subtype": "spellSchool.any",
          "val": 5,
          "valueType": "PERCENT_TO_TARGET_TYPE",
          "updater": "TIMES_HERO_LEVEL",
          "targetSourceType": "SECONDARY_SKILL"
        }
      }
    }
  }
}