{
  "drtMagic7": {
    "class": "drtMagic",
    "female": true,
    "spellbook": ["magicArrow"],

    "texts": {
      "name": "Roeda",
      "biography": "Roeda The Shaman",
      "specialty": {
        "name": "Crystal",
        "description": "{crystal}\n\nIncreases kingdom's crystal production by 1 per day for every 10 levels",
        "tooltip": "Produces crystal every day"
      }
    },

    "images": {
      "large": "durotar/heroes/roeda/portraitLarge.png",
      "small": "durotar/heroes/roeda/portraitSmall.png",
      "specialtyLarge": "durotar/heroes/roeda/specLarge.png",
      "specialtySmall": "durotar/heroes/roeda/specSmall.png"
    },

    "army": [
      {
        "creature": "drtLv1",
        "min": 16,
        "max": 24
      },

      {
        "creature": "drtLv2",
        "min": 5,
        "max": 6
      },

      {
        "creature": "drtLv3",
        "min": 3,
        "max": 4
      }
    ],

    "skills": [
      {
        "skill": "wisdom",
        "level": "basic"
      },

      {
        "skill": "scholar",
        "level": "basic"
      }
    ],

    "specialty": {
      "bonuses": {
        "bonusResource": {
          "type": "GENERATE_RESOURCE",
          "subtype": "resource.crystal",
          "updater": {
            "parameters": [2],
            "type": "GROWS_WITH_LEVEL"
          }
        }
      }
    }
  }
}