{
  "drtMagic4": {
    "class": "drtMagic",
    "female": true,
    "spellbook": ["iceBolt"],

    "texts": {
      "name": "Jargura",
      "biography": "Jargura The Shaman",
      "specialty": {
        "name": "Ice Bolt",
        "description": "{Ice Bolt}\n\nCasts Ice Bolt with increased effect, based on hero level compared to the level of the target unit",
        "tooltip": "Spell Bonus: Ice Bolt"
      }
    },

    "images": {
      "large": "durotar/heroes/jargura/portraitLarge.png",
      "small": "durotar/heroes/jargura/portraitSmall.png",
      "specialtyLarge": "durotar/heroes/jargura/specLarge.png",
      "specialtySmall": "durotar/heroes/jargura/specSmall.png"
    },

    "army": [
      {
        "creature": "drtLv1",
        "min": 16,
        "max": 24
      },

      {
        "creature": "drtLv2",
        "min": 5,
        "max": 6
      },

      {
        "creature": "drtLv3",
        "min": 3,
        "max": 4
      }
    ],

    "skills": [
      {
        "skill": "wisdom",
        "level": "basic"
      },

      {
        "skill": "waterMagic",
        "level": "basic"
      }
    ],

    "specialty": {
      "bonuses": {
        "bonusSpell": {
          "type": "SPECIAL_SPELL_LEV",
          "subtype": "spell.iceBolt",
          "val": 3,
          "updater": "TIMES_HERO_LEVEL"
        }
      }
    }
  }
}