{
  "drtMagic1": {
    "class": "drtMagic",
    "female": false,
    "spellbook": ["magicArrow"],

    "texts": {
      "name": "Ollathus",
      "biography": "Ollathus The Shaman",
      "specialty": {
        "name": "Gold",
        "description": "{Gold}\n\nIncreases kingdom's income by 300 gold per day, plus 50 gold for each level gained",
        "tooltip": "Produces gold every day"
      }
    },

    "images": {
      "large": "durotar/heroes/ollathus/portraitLarge.png",
      "small": "durotar/heroes/ollathus/portraitSmall.png",
      "specialtyLarge": "durotar/heroes/ollathus/specLarge.png",
      "specialtySmall": "durotar/heroes/ollathus/specSmall.png"
    },

    "army": [
      {
        "creature": "drtLv1",
        "min": 16,
        "max": 24
      },

      {
        "creature": "drtLv2",
        "min": 5,
        "max": 6
      },

      {
        "creature": "drtLv3",
        "min": 3,
        "max": 4
      }
    ],

    "skills": [
      {
        "skill": "wisdom",
        "level": "basic"
      },

      {
        "skill": "logistics",
        "level": "basic"
      }
    ],

    "specialty": {
      "bonuses": {
        "gold": {
          "type": "GENERATE_RESOURCE",
          "subtype": "resource.gold",
          "val": 300
        },

        "more": {
          "type": "GENERATE_RESOURCE",
          "subtype": "resource.gold",
          "val": 50,
          "updater": "TIMES_HERO_LEVEL"
        }
      }
    }
  }
}