{
  "drtMight6": {
    "class": "drtMight",
    "female": false,
    "spellbook": [],

    "texts": {
      "name": "Orl'och",
      "biography": "Orl'och The Chieftain",
      "specialty": {
        "name": "Tier 6",
        "description": "{Tier 6}\n\nIncreases Attack and Defence of any Tier 6 unit for each level attained after 6th level",
        "tooltip": "Creature Bonus: Tier 6"
      }
    },

    "images": {
      "large": "durotar/heroes/orloch/portraitLarge.png",
      "small": "durotar/heroes/orloch/portraitSmall.png",
      "specialtyLarge": "durotar/heroes/orloch/specLarge.png",
      "specialtySmall": "durotar/heroes/orloch/specSmall.png"
    },

    "army": [
      {
        "creature": "drtLv1",
        "min": 16,
        "max": 24
      },

      {
        "creature": "drtLv2",
        "min": 5,
        "max": 6
      },

      {
        "creature": "drtLv3",
        "min": 3,
        "max": 4
      }
    ],

    "skills": [
      {
        "skill": "armorer",
        "level": "basic"
      },

      {
        "skill": "offence",
        "level": "basic"
      }
    ],

    "specialty": {
      "creature": "drtLv6"
    }
  }
}