{
  "drtMight3": {
    "class": "drtMight",
    "female": true,
    "spellbook": [],

    "texts": {
      "name": "Full'ika",
      "biography": "Full'ika The Chieftain",
      "specialty": {
        "name": "Tier 3",
        "description": "{Tier 3}\n\nIncreases Attack and Defense of any Tier 3 unit for each level attained after 3rd level",
        "tooltip": "Creature Bonus: Tier 3"
      }
    },

    "images": {
      "large": "durotar/heroes/fullika/portraitLarge.png",
      "small": "durotar/heroes/fullika/portraitSmall.png",
      "specialtyLarge": "durotar/heroes/fullika/specLarge.png",
      "specialtySmall": "durotar/heroes/fullika/specSmall.png"
    },

    "army": [
      {
        "creature": "drtLv3",
        "min": 3,
        "max": 4
      },

      {
        "creature": "drtLv3",
        "min": 3,
        "max": 4
      },

      {
        "creature": "drtLv3",
        "min": 3,
        "max": 4
      }
    ],

    "skills": [
      {
        "skill": "armorer",
        "level": "basic"
      },

      {
        "skill": "estates",
        "level": "basic"
      }
    ],

    "specialty": {
      "creature": "drtLv3"
    }
  }
}