{
  "drtMight7": {
    "class": "drtMight",
    "female": false,
    "spellbook": [],

    "texts": {
      "name": "Thur'okk",
      "biography": "Thur'okk The Chieftain",
      "specialty": {
        "name": "Logistics",
        "description": "{Logistics}\n\nReceives a 5% per level bonus to Logistics skill",
        "tooltip": "Skill Bonus: Logistics"
      }
    },

    "images": {
      "large": "durotar/heroes/thurnokk/portraitLarge.png",
      "small": "durotar/heroes/thurnokk/portraitSmall.png",
      "specialtyLarge": "durotar/heroes/thurnokk/specLarge.png",
      "specialtySmall": "durotar/heroes/thurnokk/specSmall.png"
    },

    "army": [
      {
        "creature": "drtLv1",
        "min": 16,
        "max": 24
      },

      {
        "creature": "drtLv2",
        "min": 5,
        "max": 6
      },

      {
        "creature": "drtLv3",
        "min": 3,
        "max": 4
      }
    ],

    "skills": [
      {
        "skill": "armorer",
        "level": "basic"
      },

      {
        "skill": "logistics",
        "level": "basic"
      }
    ],

    "specialty": {
      "bonuses": {
        "logistics": {
          "type": "MOVEMENT",
          "subtype": 1,
          "val": 5,
          "valueType": "PERCENT_TO_TARGET_TYPE",
          "updater": "TIMES_HERO_LEVEL",
          "targetSourceType": "SECONDARY_SKILL"
        }
      }
    }
  }
}