{
  "drtMight2": {
    "class": "drtMight",
    "female": false,
    "spellbook": [],

    "texts": {
      "name": "Dra'as",
      "biography": "Dra'as The Chieftain",
      "specialty": {
        "name": "Tier 2",
        "description": "{Tier 2}\n\nIncreases Attack and Defense of any Tier 2 unit for each level attained after 2nd level",
        "tooltip": "Creature Bonus: Tier 2"
      }
    },

    "images": {
      "large": "durotar/heroes/draas/portraitLarge.png",
      "small": "durotar/heroes/draas/portraitSmall.png",
      "specialtyLarge": "durotar/heroes/draas/specLarge.png",
      "specialtySmall": "durotar/heroes/draas/specSmall.png"
    },

    "army": [
      {
        "creature": "drtLv2",
        "min": 5,
        "max": 6
      },

      {
        "creature": "drtLv2",
        "min": 5,
        "max": 6
      },

      {
        "creature": "drtLv2",
        "min": 5,
        "max": 6
      }
    ],

    "skills": [
      {
        "skill": "armorer",
        "level": "basic"
      },

      {
        "skill": "archery",
        "level": "basic"
      }
    ],

    "specialty": {
      "creature": "drtLv2"
    }
  }
}