{
  "drtMight4": {
    "class": "drtMight",
    "female": false,
    "spellbook": [],

    "texts": {
      "name": "Goran'ud",
      "biography": "Goran'ud The Chieftain",
      "specialty": {
        "name": "Tier 4",
        "description": "{Tier 4}\n\nIncreases Attack and Defence of any Tier 4 unit for each level attained after 4th level",
        "tooltip": "Creature Bonus: Tier 4"
      }
    },

    "images": {
      "large": "durotar/heroes/goranud/portraitLarge.png",
      "small": "durotar/heroes/goranud/portraitSmall.png",
      "specialtyLarge": "durotar/heroes/goranud/specLarge.png",
      "specialtySmall": "durotar/heroes/goranud/specSmall.png"
    },

    "army": [
      {
        "creature": "drtLv4",
        "min": 2,
        "max": 3
      },

      {
        "creature": "drtLv4",
        "min": 2,
        "max": 3
      },

      {
        "creature": "drtLv4",
        "min": 2,
        "max": 3
      }
    ],

    "skills": [
      {
        "skill": "armorer",
        "level": "basic"
      },

      {
        "skill": "archery",
        "level": "basic"
      }
    ],

    "specialty": {
      "creature": "drtLv4"
    }
  }
}