{
  "drtMight1": {
    "class": "drtMight",
    "female": false,
    "spellbook": [],

    "texts": {
      "name": "B'oang",
      "biography": "B'oang The Chieftain",
      "specialty": {
        "name": "Tier 1",
        "description": "{Tier 1}\n\nIncreases Attack and Defense of any Tier 1 unit for each level attained after 1st level",
        "tooltip": "Creature Bonus: Tier 1"
      }
    },

    "images": {
      "large": "durotar/heroes/boang/portraitLarge.png",
      "small": "durotar/heroes/boang/portraitSmall.png",
      "specialtyLarge": "durotar/heroes/boang/specLarge.png",
      "specialtySmall": "durotar/heroes/boang/specSmall.png"
    },

    "army": [
      {
        "creature": "drtLv1",
        "min": 16,
        "max": 24
      },

      {
        "creature": "drtLv1",
        "min": 16,
        "max": 24
      },

      {
        "creature": "drtLv1",
        "min": 16,
        "max": 24
      }
    ],

    "skills": [
      {
        "skill": "armorer",
        "level": "basic"
      },

      {
        "skill": "offence",
        "level": "basic"
      }
    ],

    "specialty": {
      "creature": "drtLv1"
    }
  }
}