{
  "drtMight5": {
    "class": "drtMight",
    "female": false,
    "spellbook": [],

    "texts": {
      "name": "Mak'um",
      "biography": "Mak'um The Chieftain",
      "specialty": {
        "name": "Tier 5",
        "description": "{Tier 5}\n\nIncreases Attack and Defense of any Tier 5 unit for each level attained after 5th level",
        "tooltip": "Creature Bonus: Tier 5"
      }
    },

    "images": {
      "large": "durotar/heroes/makgum/portraitLarge.png",
      "small": "durotar/heroes/makgum/portraitSmall.png",
      "specialtyLarge": "durotar/heroes/makgum/specLarge.png",
      "specialtySmall": "durotar/heroes/makgum/specSmall.png"
    },

    "army": [
      {
        "creature": "drtLv1",
        "min": 16,
        "max": 24
      },

      {
        "creature": "drtLv2",
        "min": 5,
        "max": 6
      },

      {
        "creature": "drtLv3",
        "min": 3,
        "max": 4
      }
    ],

    "skills": [
      {
        "skill": "armorer",
        "level": "basic"
      },

      {
        "skill": "scouting",
        "level": "basic"
      }
    ],

    "specialty": {
      "creature": "drtLv5"
    }
  }
}