{
  "drtMight8": {
    "class": "drtMight",
    "female": true,
    "spellbook": [],

    "texts": {
      "name": "Sor'agg",
      "biography": "Sor'agg The Chieftain",
      "specialty": {
        "name": "Ballista",
        "description": "{Ballista}\n\nIncreases Attack and Defense of any Ballista by 5% for every 5 levels (rounded up)",
        "tooltip": "Creature Bonus: Ballista"
      }
    },

    "images": {
      "large": "durotar/heroes/soragg/portraitLarge.png",
      "small": "durotar/heroes/soragg/portraitSmall.png",
      "specialtyLarge": "durotar/heroes/soragg/specLarge.png",
      "specialtySmall": "durotar/heroes/soragg/specSmall.png"
    },

    "army": [
      {
        "creature": "drtLv1",
        "min": 16,
        "max": 24
      },

      {
        "creature": "ballista",
        "min": 1,
        "max": 1
      },

      {
        "creature": "drtLv2",
        "min": 5,
        "max": 6
      }
    ],

    "skills": [
      {
        "skill": "armorer",
        "level": "basic"
      },

      {
        "skill": "artillery",
        "level": "basic"
      }
    ],

    "specialty": {
      "creature": "ballista"
    }
  }
}