{
  "drtCommand": {
    "name": {
      "singular": "Chief",
      "plural": "Chiefs"
    },

    "faction": "durotar",
    "special": true,
    "level": 0,
    "aiValue": 156,
    "fightValue": 130,
    "doubleWide": false,
    "growth": 1,

    "attack": 5,
    "defense": 5,
    "damage": {
      "min": 7,
      "max": 15
    },

    "hitPoints": 60,
    "speed": 5,
    "shots": 24,

    "abilities": {
      "magicResistance": {
        "type": "MAGIC_RESISTANCE",
        "val": 5
      },

      "cast": {
        "type": "SPELLCASTER",
        "subtype": "spell.disruptingRay",
        "val": 3
      },

      "castTimes": {
        "type": "CASTS",
        "val": 1
      },

      "spellPower": {
        "type": "CREATURE_SPELL_POWER",
        "val": 100
      },

      "enchant": {
        "type": "CREATURE_ENCHANT_POWER",
        "val": 1
      },

      "earn": {
        "type": "GENERATE_RESOURCE",
        "subtype": "resource.gems",
        "val": 1,
        "propagator": "HERO"
      }
    },

    "graphics": {
      "animation": "durotar/battle/lock1.def",
      "iconSmall": "durotar/iconSmall/lock1s.png",
      "iconLarge": "durotar/iconLarge/lock1l.png",
      "timeBetweenFidgets": 1,
      "animationTime": {
        "attack": 1,
        "walk": 1,
        "idle": 10
      },

      "missile": {
        "ray": [
          {
            "start": [150, 150, 150, 255],
            "end": [150, 150, 150, 64]
          },

          {
            "start": [200, 200, 200, 255],
            "end": [200, 200, 200, 128]
          },

          {
            "start": [255, 255, 255, 255],
            "end": [255, 255, 255, 255]
          },

          {
            "start": [200, 200, 200, 255],
            "end": [200, 200, 200, 128]
          },

          {
            "start": [150, 150, 150, 255],
            "end": [150, 150, 150, 64]
          }
        ],

        "attackClimaxFrame": 5,
        "frameAngles": [0],
        "offset": {
          "lowerX": 0,
          "lowerY": 0,
          "middleX": 0,
          "middleY": 0,
          "upperX": 0,
          "upperY": 0
        }
      }
    },

    "sound": {
      "attack": "durotar/orcatk.wav",
      "defend": "durotar/orchit.wav",
      "killed": "durotar/orcdie.wav",
      "move": "durotar/orcatk.wav",
      "wince": "durotar/orchit.wav",
      "shoot": "durotar/orcatk.wav"
    }
  }
}