{
  "core:creatureGeneratorCommon": {
    "types": {
      "drtDwelling1": {
        "name": "Labor Yard",
        "creatures": [["drtLv1"]],
        "templates": {
          "default": {
            "animation": "durotar/adventure-map/dwelling-1",
            "mask": ["VVV", "VVV", "VAV"]
          }
        }
      },

      "drtDwelling2": {
        "name": "Troll Hut",
        "creatures": [["drtLv2"]],
        "templates": {
          "default": {
            "animation": "durotar/adventure-map/dwelling-2",
            "mask": ["VVV", "VVV", "VAV"]
          }
        }
      },

      "drtDwelling3": {
        "name": "Ogres Barracks",
        "creatures": [["drtLv3"]],
        "templates": {
          "default": {
            "animation": "durotar/adventure-map/dwelling-3",
            "mask": ["VVV", "VVV", "VAV"]
          }
        }
      },

      "drtDwelling4": {
        "name": "Mansion",
        "creatures": [["drtLv4"]],
        "templates": {
          "default": {
            "animation": "durotar/adventure-map/dwelling-4",
            "mask": ["VVV", "VBB", "VAV"]
          }
        }
      },

      "drtDwelling5": {
        "name": "Stingers Post",
        "creatures": [["drtLv5"]],
        "guards": true,
        "templates": {
          "default": {
            "animation": "durotar/adventure-map/dwelling-5",
            "mask": ["VVV", "VBB", "VAV"]
          }
        }
      },

      "drtDwelling6": {
        "name": "Tauren Cave",
        "creatures": [["drtLv6"]],
        "guards": true,
        "templates": {
          "default": {
            "animation": "durotar/adventure-map/dwelling-6",
            "mask": ["VVV", "BBV", "VAV"]
          }
        }
      },

      "drtDwelling7": {
        "name": "Dragon Cave",
        "creatures": [["drtLv7"]],
        "guards": true,
        "templates": {
          "default": {
            "animation": "durotar/adventure-map/dwelling-7",
            "mask": ["VVV", "VBV", "VAV"]
          }
        }
      }
    }
  }
}