{
  "durotar": {
    "puzzleMap": {
      "prefix": "durotar/puzzle/PUZ",
      "pieces": [
        {"index": 48, "x": 6, "y": 7},
        {"index": 47, "x": 6, "y": 7},
        {"index": 46, "x": 6, "y": 7},
        {"index": 45, "x": 6, "y": 7},
        {"index": 44, "x": 6, "y": 7},
        {"index": 43, "x": 6, "y": 7},
        {"index": 42, "x": 6, "y": 7},
        {"index": 41, "x": 6, "y": 7},
        {"index": 40, "x": 6, "y": 7},
        {"index": 39, "x": 6, "y": 7},
        {"index": 38, "x": 6, "y": 7},
        {"index": 37, "x": 6, "y": 7},
        {"index": 36, "x": 6, "y": 7},
        {"index": 35, "x": 6, "y": 7},
        {"index": 34, "x": 6, "y": 7},
        {"index": 33, "x": 6, "y": 7},
        {"index": 32, "x": 6, "y": 7},
        {"index": 31, "x": 6, "y": 7},
        {"index": 30, "x": 6, "y": 7},
        {"index": 29, "x": 6, "y": 7},
        {"index": 28, "x": 6, "y": 7},
        {"index": 27, "x": 6, "y": 7},
        {"index": 26, "x": 6, "y": 7},
        {"index": 25, "x": 6, "y": 7},
        {"index": 24, "x": 6, "y": 7},
        {"index": 23, "x": 6, "y": 7},
        {"index": 22, "x": 6, "y": 7},
        {"index": 21, "x": 6, "y": 7},
        {"index": 20, "x": 6, "y": 7},
        {"index": 19, "x": 6, "y": 7},
        {"index": 18, "x": 6, "y": 7},
        {"index": 17, "x": 6, "y": 7},
        {"index": 16, "x": 6, "y": 7},
        {"index": 15, "x": 6, "y": 7},
        {"index": 14, "x": 6, "y": 7},
        {"index": 13, "x": 6, "y": 7},
        {"index": 12, "x": 6, "y": 7},
        {"index": 11, "x": 6, "y": 7},
        {"index": 10, "x": 6, "y": 7},
        {"index": 9, "x": 6, "y": 7},
        {"index": 8, "x": 6, "y": 7},
        {"index": 7, "x": 6, "y": 7},
        {"index": 6, "x": 6, "y": 7},
        {"index": 5, "x": 6, "y": 7},
        {"index": 4, "x": 6, "y": 7},
        {"index": 3, "x": 6, "y": 7},
        {"index": 2, "x": 6, "y": 7},
        {"index": 1, "x": 6, "y": 7}
      ]
    }
  }
}