{
  "drtLv1": {
    "name": {
      "singular": "Peon",
      "plural": "Peons"
    },

    "faction": "durotar",
    "level": 1,
    "upgrades": ["drtLv1up"],
    "aiValue": 90,
    "fightValue": 100,
    "doubleWide": false,
    "hasDoubleWeek": true,
    "growth": 14,
    "horde": 6,

    "attack": 5,
    "defense": 3,
    "damage": {
      "max": 2,
      "min": 2
    },

    "hitPoints": 8,
    "speed": 5,
    "cost": {
      "gold": 40
    },

    "stackExperience": [
      {
        "bonus": {
          "type": "PRIMARY_SKILL",
          "subtype": "primarySkill.attack"
        },

        "values": [0, 1, 1, 1, 1, 2, 2, 2, 2, 3]
      },

      {
        "bonus": {
          "type": "PRIMARY_SKILL",
          "subtype": "primarySkill.defence"
        },

        "values": [1, 1, 1, 1, 2, 2, 2, 2, 3, 3]
      },

      {
        "bonus": {
          "type": "CREATURE_DAMAGE",
          "subtype": 1
        },

        "values": [0, 0, 1, 1, 1, 1, 2, 2, 2, 2]
      },

      {
        "bonus": {
          "type": "CREATURE_DAMAGE",
          "subtype": 2
        },

        "values": [0, 0, 1, 1, 1, 1, 2, 2, 2, 2]
      },

      {
        "bonus": {
          "type": "STACKS_SPEED"
        },

        "values": [0, 1, 1, 1, 2, 2, 2, 3, 3, 3]
      },

      {
        "bonus": {
          "type": "STACK_HEALTH",
          "valueType": "PERCENT_TO_BASE"
        },

        "values": [5, 10, 15, 20, 25, 30, 35, 40, 45, 50]
      },

      {
        "bonus": {
          "type": "HATE",
          "subtype": "creature.skeleton"
        },

        "values": [0, 0, 0, 10, 15, 20, 25, 30, 40, 40]
      },

      {
        "bonus": {
          "type": "HATE",
          "subtype": "creature.skeletonWarrior"
        },

        "values": [0, 0, 0, 10, 15, 20, 25, 30, 40, 40]
      },

      {
        "bonus": {
          "type": "SPELL_AFTER_ATTACK",
          "subtype": "spell.disruptingRay",
          "addInfo": [3, 2]
        },

        "values": [0, 0, 0, 0, 0, 0, 0, 0, 20, 20]
      }
    ],

    "advMapAmount": {
      "max": 50,
      "min": 20
    },

    "graphics": {
      "animation": "durotar/battle/peon.def",
      "map": "durotar/map/peonm.def",
      "iconSmall": "durotar/iconSmall/peons.png",
      "iconLarge": "durotar/iconLarge/peonl.png",
      "timeBetweenFidgets": 1,
      "animationTime": {
        "attack": 1,
        "walk": 1,
        "idle": 10
      }
    },

    "sound": {
      "attack": "durotar/orcatk.wav",
      "defend": "durotar/orchit.wav",
      "killed": "durotar/orcdie.wav",
      "move": "durotar/orcatk.wav",
      "wince": "durotar/orchit.wav"
    }
  }
}
