{
  "drtLv1up": {
    "name": {
      "singular": "Foreman",
      "plural": "Foremans"
    },

    "faction": "durotar",
    "level": 1,
    "aiValue": 120,
    "fightValue": 130,
    "doubleWide": false,
    "hasDoubleWeek": true,
    "growth": 14,
    "horde": 6,

    "attack": 6,
    "defense": 4,
    "damage": {
      "max": 2,
      "min": 2
    },

    "hitPoints": 10,
    "speed": 7,
    "cost": {
      "gold": 60
    },

    "abilities": {
      "hate1": {
        "type": "HATE",
        "subtype": "creature.skeleton",
        "val": 10
      },

      "hate2": {
        "type": "HATE",
        "subtype": "creature.skeletonWarrior",
        "val": 10
      }
    },

    "stackExperience": [
      {
        "bonus": {
          "type": "PRIMARY_SKILL",
          "subtype": "primarySkill.attack"
        },

        "values": [0, 1, 1, 1, 1, 2, 2, 2, 2, 3]
      },

      {
        "bonus": {
          "type": "PRIMARY_SKILL",
          "subtype": "primarySkill.defence"
        },

        "values": [1, 1, 1, 1, 2, 2, 2, 2, 3, 3]
      },

      {
        "bonus": {
          "type": "CREATURE_DAMAGE",
          "subtype": 1
        },

        "values": [0, 0, 1, 1, 1, 1, 2, 2, 2, 2]
      },

      {
        "bonus": {
          "type": "CREATURE_DAMAGE",
          "subtype": 2
        },

        "values": [0, 0, 1, 1, 1, 1, 2, 2, 2, 2]
      },

      {
        "bonus": {
          "type": "STACKS_SPEED"
        },

        "values": [0, 1, 1, 1, 2, 2, 2, 3, 3, 3]
      },

      {
        "bonus": {
          "type": "STACK_HEALTH",
          "valueType": "PERCENT_TO_BASE"
        },

        "values": [5, 10, 15, 20, 25, 30, 35, 40, 45, 50]
      },

      {
        "bonus": {
          "type": "HATE",
          "subtype": "creature.skeleton"
        },

        "values": [20, 25, 30, 35, 40, 45, 50, 55, 65, 65]
      },

      {
        "bonus": {
          "type": "HATE",
          "subtype": "creature.skeletonWarrior"
        },

        "values": [20, 25, 30, 35, 40, 45, 50, 55, 65, 65]
      },

      {
        "bonus": {
          "type": "SPELL_AFTER_ATTACK",
          "subtype": "spell.disruptingRay",
          "addInfo": [3, 2]
        },

        "values": [0, 0, 0, 10, 15, 20, 25, 30, 40, 40]
      },

      {
        "bonus": {
          "type": "DOUBLE_DAMAGE_CHANCE"
        },

        "values": [0, 0, 0, 0, 0, 0, 0, 0, 20, 20]
      }
    ],

    "advMapAmount": {
      "max": 30,
      "min": 20
    },

    "graphics": {
      "animation": "durotar/battle/foreman.def",
      "map": "durotar/map/foremanm.def",
      "iconSmall": "durotar/iconSmall/foremans.png",
      "iconLarge": "durotar/iconLarge/foremanl.png",
      "timeBetweenFidgets": 1,
      "animationTime": {
        "attack": 1,
        "walk": 1,
        "idle": 10
      }
    },

    "sound": {
      "attack": "durotar/orcatk.wav",
      "defend": "durotar/orchit.wav",
      "killed": "durotar/orcdie.wav",
      "move": "durotar/orcatk.wav",
      "wince": "durotar/orchit.wav"
    }
  }
}
