{
  "drtLv2up": {
    "name": {
      "singular": "Sandfury Troll",
      "plural": "Sandfury Trolls"
    },

    "faction": "durotar",
    "level": 2,
    "aiValue": 250,
    "fightValue": 260,
    "doubleWide": false,
    "hasDoubleWeek": true,
    "growth": 8,
    "horde": 5,

    "attack": 8,
    "defense": 6,
    "damage": {
      "max": 4,
      "min": 4
    },

    "hitPoints": 15,
    "speed": 6,
    "shots": 24,
    "cost": {
      "gold": 150
    },

    "abilities": {
       "shoot": {
        "type": "SHOOTER"
      },

      "melee": {
        "type": "NO_MELEE_PENALTY"
      }
    },

    "stackExperience": [
      {
        "bonus": {
          "type": "PRIMARY_SKILL",
          "subtype": "primarySkill.attack"
        },

        "values": [0, 1, 1, 2, 2, 2, 3, 3, 3, 4]
      },

      {
        "bonus": {
          "type": "PRIMARY_SKILL",
          "subtype": "primarySkill.defence"
        },

        "values": [1, 1, 1, 2, 2, 3, 3, 3, 4, 4]
      },

      {
        "bonus": {
          "type": "CREATURE_DAMAGE",
          "subtype": 1
        },

        "values": [0, 1, 1, 1, 2, 2, 2, 3, 3, 4]
      },

      {
        "bonus": {
          "type": "CREATURE_DAMAGE",
          "subtype": 2
        },

        "values": [0, 1, 1, 1, 2, 2, 2, 3, 3, 4]
      },

      {
        "bonus": {
          "type": "STACKS_SPEED"
        },

        "values": [0, 1, 1, 1, 2, 2, 2, 3, 3, 3]
      },

      {
        "bonus": {
          "type": "STACK_HEALTH",
          "valueType": "PERCENT_TO_BASE"
        },

        "values": [5, 10, 15, 20, 25, 30, 35, 40, 45, 50]
      },

      {
        "bonus": {
          "type": "ADDITIONAL_ATTACK",
          "effectRange": "ONLY_DISTANCE_FIGHT"
        },

        "values": [0, 0, 0, 1, 1, 1, 1, 1, 1, 1]
      },

      {
        "bonus": {
          "type": "NO_DISTANCE_PENALTY"
        },

        "values": [false, false, false, false, false, false, false, false, true, true]
      }
    ],

    "advMapAmount": {
      "max": 25,
      "min": 16
    },

    "graphics": {
      "animation": "durotar/battle/troll2.def",
      "map": "durotar/map/troll2m.def",
      "iconSmall": "durotar/iconSmall/troll2s.png",
      "iconLarge": "durotar/iconLarge/troll2l.png",
      "timeBetweenFidgets": 1,
      "animationTime": {
        "attack": 1,
        "walk": 1,
        "idle": 10
      },

      "missile": {
        "projectile": "durotar/battle/projectile/porchx.def",
        "attackClimaxFrame": 9,
        "frameAngles": [90, 72, 45, 27, 0, -27, -45, -72, -90, 0, 0, 0],
        "offset": {
          "upperX": 41,
          "upperY": -92,
          "middleX": 58,
          "middleY": -79,
          "lowerX": 29,
          "lowerY": -14
        }
      }
    },

    "sound": {
      "attack": "durotar/trollatk.wav",
      "defend": "durotar/trollhit.wav",
      "killed": "durotar/trolldie.wav",
      "move": "durotar/trollatk.wav",
      "wince": "durotar/trollhit.wav",
      "shoot": "durotar/trollatk.wav"
    }
  }
}
