{
  "drtLv3": {
    "name": {
      "singular": "Ogre",
      "plural": "Ogres"
    },

    "faction": "durotar",
    "level": 3,
    "upgrades": ["drtLv3up"],
    "aiValue": 310,
    "fightValue": 300,
    "doubleWide": false,
    "hasDoubleWeek": true,
    "growth": 7,
    "horde": 4,

    "attack": 9,
    "defense": 7,
    "damage": {
      "max": 4,
      "min": 4
    },

    "hitPoints": 25,
    "speed": 6,
    "cost": {
      "gold": 200
    },

    "stackExperience": [
      {
        "bonus": {
          "type": "PRIMARY_SKILL",
          "subtype": "primarySkill.attack"
        },

        "values": [1, 1, 2, 2, 3, 3, 4, 4, 5, 5]
      },

      {
        "bonus": {
          "type": "PRIMARY_SKILL",
          "subtype": "primarySkill.defence"
        },

        "values": [1, 1, 2, 2, 3, 3, 4, 4, 5, 5]
      },

      {
        "bonus": {
          "type": "CREATURE_DAMAGE",
          "subtype": 1
        },

        "values": [0, 1, 1, 2, 2, 3, 3, 4, 4, 5]
      },

      {
        "bonus": {
          "type": "CREATURE_DAMAGE",
          "subtype": 2
        },

        "values": [0, 1, 1, 2, 2, 3, 3, 4, 4, 5]
      },

      {
        "bonus": {
          "type": "STACKS_SPEED"
        },

        "values": [0, 1, 1, 1, 2, 2, 2, 3, 3, 3]
      },

      {
        "bonus": {
          "type": "STACK_HEALTH",
          "valueType": "PERCENT_TO_BASE"
        },

        "values": [5, 10, 15, 20, 25, 30, 35, 40, 45, 50]
      },

      {
        "bonus": {
          "type": "LUCK",
          "valueType": "INDEPENDENT_MAX",
          "propagator": "HERO"
        },

        "values": [0, 0, 0, 1, 1, 1, 1, 1, 1, 1]
      },

      {
        "bonus": {
          "type": "SPELL_BEFORE_ATTACK",
          "subtype": "spell.poison"
        },

        "values": [0, 0, 0, 0, 0, 0, 0, 10, 20, 20]
      }
    ],

    "advMapAmount": {
      "max": 25,
      "min": 12
    },

    "graphics": {
      "animation": "durotar/battle/ogre3.def",
      "map": "durotar/map/ogre3m.def",
      "iconSmall": "durotar/iconSmall/ogre3s.png",
      "iconLarge": "durotar/iconLarge/ogre3l.png",
      "timeBetweenFidgets": 1,
      "animationTime": {
        "attack": 1,
        "walk": 1,
        "idle": 10
      }
    },

    "sound": {
      "attack": "durotar/ogreatk.wav",
      "defend": "durotar/ogreblk.wav",
      "killed": "durotar/ogredie.wav",
      "move": "OGREMOVE.wav",
      "wince": "durotar/ogrehit.wav"
    }
  }
}
