{
  "drtLv3up": {
    "name": {
      "singular": "Power Ogre",
      "plural": "Power Ogres"
    },

    "faction": "durotar",
    "level": 3,
    "aiValue": 400,
    "fightValue": 390,
    "doubleWide": false,
    "hasDoubleWeek": true,
    "growth": 7,
    "horde": 4,

    "attack": 10,
    "defense": 8,
    "damage": {
      "max": 5,
      "min": 5
    },

    "hitPoints": 30,
    "speed": 8,
    "cost": {
      "gold": 240
    },

    "abilities": {
      "luck": {
        "type": "LUCK",
        "val": 1,
        "valueType": "INDEPENDENT_MAX",
        "propagator": "HERO"
      }
    },

    "stackExperience": [
      {
        "bonus": {
          "type": "PRIMARY_SKILL",
          "subtype": "primarySkill.attack"
        },

        "values": [1, 1, 2, 2, 3, 3, 4, 4, 5, 5]
      },

      {
        "bonus": {
          "type": "PRIMARY_SKILL",
          "subtype": "primarySkill.defence"
        },

        "values": [1, 1, 2, 2, 3, 3, 4, 4, 5, 5]
      },

      {
        "bonus": {
          "type": "CREATURE_DAMAGE",
          "subtype": 1
        },

        "values": [0, 1, 1, 2, 2, 3, 3, 4, 4, 5]
      },

      {
        "bonus": {
          "type": "CREATURE_DAMAGE",
          "subtype": 2
        },

        "values": [0, 1, 1, 2, 2, 3, 3, 4, 4, 5]
      },

      {
        "bonus": {
          "type": "STACKS_SPEED"
        },

        "values": [0, 1, 1, 1, 2, 2, 2, 3, 3, 3]
      },

      {
        "bonus": {
          "type": "STACK_HEALTH",
          "valueType": "PERCENT_TO_BASE"
        },

        "values": [5, 10, 15, 20, 25, 30, 35, 40, 45, 50]
      },

      {
        "bonus": {
          "type": "SPELL_BEFORE_ATTACK",
          "subtype": "spell.poison"
        },

        "values": [0, 0, 0, 10, 15, 20, 25, 35, 45, 45]
      },

      {
        "bonus": {
          "type": "ADDITIONAL_ATTACK"
        },

        "values": [0, 0, 0, 0, 0, 0, 0, 1, 1, 1]
      }
    ],

    "advMapAmount": {
      "max": 20,
      "min": 12
    },

    "graphics": {
      "animation": "durotar/battle/ogre2.def",
      "map": "durotar/map/ogre2m.def",
      "iconSmall": "durotar/iconSmall/ogre2s.png",
      "iconLarge": "durotar/iconLarge/ogre2l.png",
      "timeBetweenFidgets": 1,
      "animationTime": {
        "attack": 1,
        "walk": 1,
        "idle": 10
      }
    },

    "sound": {
      "attack": "durotar/ogreatk.wav",
      "defend": "durotar/ogrehit.wav",
      "killed": "durotar/ogredie.wav",
      "move": "durotar/ogreatk.wav",
      "wince": "durotar/ogrehit.wav"
    }
  }
}
