{
  "drtLv4": {
    "name": {
      "singular": "Shaman",
      "plural": "Shamans"
    },

    "faction": "durotar",
    "level": 4,
    "upgrades": ["drtLv4up"],
    "aiValue": 510,
    "fightValue": 490,
    "doubleWide": false,
    "hasDoubleWeek": true,
    "growth": 4,
    "horde": 3,

    "attack": 11,
    "defense": 9,
    "damage": {
      "max": 7,
      "min": 7
    },

    "hitPoints": 30,
    "speed": 7,
    "shots": 12,
    "cost": {
      "gold": 300
    },

    "abilities": {
      "shoot": {
        "type": "SHOOTER"
      }
    },

    "stackExperience": [
      {
        "bonus": {
          "type": "PRIMARY_SKILL",
          "subtype": "primarySkill.attack"
        },

        "values": [1, 2, 2, 3, 4, 5, 6, 6, 7, 8]
      },

      {
        "bonus": {
          "type": "PRIMARY_SKILL",
          "subtype": "primarySkill.defence"
        },

        "values": [1, 2, 3, 3, 4, 4, 5, 6, 7, 8]
      },

      {
        "bonus": {
          "type": "CREATURE_DAMAGE",
          "subtype": 1
        },

        "values": [0, 1, 1, 2, 2, 3, 3, 4, 4, 5]
      },

      {
        "bonus": {
          "type": "CREATURE_DAMAGE",
          "subtype": 2
        },

        "values": [0, 1, 1, 2, 2, 3, 3, 4, 4, 5]
      },

      {
        "bonus": {
          "type": "STACKS_SPEED"
        },

        "values": [0, 1, 1, 1, 2, 2, 2, 3, 3, 3]
      },

      {
        "bonus": {
          "type": "STACK_HEALTH",
          "valueType": "PERCENT_TO_BASE"
        },

        "values": [5, 10, 15, 20, 25, 30, 35, 40, 45, 50]
      },

      {
        "bonus": {
          "type": "NO_WALL_PENALTY"
        },

        "values": [false, false, false, true, true, true, true, true, true, true]
      },

      {
        "bonus": {
          "type": "ENEMY_DEFENCE_REDUCTION"
        },

        "values": [0, 0, 0, 0, 0, 0, 0, 10, 20, 20]
      }
    ],

    "advMapAmount": {
      "max": 20,
      "min": 10
    },

    "graphics": {
      "animation": "durotar/battle/lock1.def",
      "map": "durotar/map/lock1m.def",
      "iconSmall": "durotar/iconSmall/lock1s.png",
      "iconLarge": "durotar/iconLarge/lock1l.png",
      "timeBetweenFidgets": 1,
      "animationTime": {
        "attack": 1,
        "walk": 1,
        "idle": 10
      },

      "missile": {
        "ray": [
          {
            "start": [150, 150, 150, 255],
            "end": [150, 150, 150, 64]
          },

          {
            "start": [200, 200, 200, 255],
            "end": [200, 200, 200, 128]
          },

          {
            "start": [255, 255, 255, 255],
            "end": [255, 255, 255, 255]
          },

          {
            "start": [200, 200, 200, 255],
            "end": [200, 200, 200, 128]
          },

          {
            "start": [150, 150, 150, 255],
            "end": [150, 150, 150, 64]
          }
        ],

        "attackClimaxFrame": 5,
        "frameAngles": [0],
        "offset": {
          "lowerX": 0,
          "lowerY": 0,
          "middleX": 0,
          "middleY": 0,
          "upperX": 0,
          "upperY": 0
        }
      }
    },

    "sound": {
      "attack": "durotar/orcatk.wav",
      "defend": "durotar/orchit.wav",
      "killed": "durotar/orcdie.wav",
      "move": "durotar/orcatk.wav",
      "wince": "durotar/orchit.wav",
      "shoot": "durotar/orcatk.wav"
    }
  }
}
