{
  "drtLv5": {
    "name": {
      "singular": "Drake",
      "plural": "Drakes"
    },

    "faction": "durotar",
    "level": 5,
    "upgrades": ["drtLv5up"],
    "aiValue": 920,
    "fightValue": 840,
    "doubleWide": true,
    "hasDoubleWeek": true,
    "growth": 3,
    "horde": 2,

    "attack": 13,
    "defense": 11,
    "damage": {
      "max": 12,
      "min": 12
    },

    "hitPoints": 50,
    "speed": 10,
    "cost": {
      "gold": 500
    },

    "abilities": {
      "fly": {
        "type": "FLYING"
      },

      "dragon": {
        "type": "DRAGON_NATURE"
      },

      "strength": {
        "type": "SPECIFIC_SPELL_POWER",
        "subtype": "spell.thunderbolt",
        "val": 10
      }
    },

    "stackExperience": [
      {
        "bonus": {
          "type": "PRIMARY_SKILL",
          "subtype": "primarySkill.attack"
        },

        "values": [1, 1, 2, 3, 4, 5, 5, 6, 7, 8]
      },

      {
        "bonus": {
          "type": "PRIMARY_SKILL",
          "subtype": "primarySkill.defence"
        },

        "values": [1, 2, 3, 3, 4, 5, 6, 6, 7, 8]
      },

      {
        "bonus": {
          "type": "CREATURE_DAMAGE",
          "subtype": 1
        },

        "values": [1, 2, 2, 3, 4, 4, 5, 6, 7, 7]
      },

      {
        "bonus": {
          "type": "CREATURE_DAMAGE",
          "subtype": 2
        },

        "values": [1, 2, 2, 3, 4, 4, 5, 6, 7, 7]
      },

      {
        "bonus": {
          "type": "STACKS_SPEED"
        },

        "values": [0, 1, 1, 1, 2, 2, 2, 3, 3, 3]
      },

      {
        "bonus": {
          "type": "STACK_HEALTH",
          "valueType": "PERCENT_TO_BASE"
        },

        "values": [5, 10, 15, 20, 25, 30, 35, 40, 45, 50]
      },

      {
        "bonus": {
          "type": "HP_REGENERATION"
        },

        "values": [0, 0, 20, 25, 30, 35, 40, 50, 60, 60]
      },

      {
        "bonus": {
          "type": "SPELL_AFTER_ATTACK",
          "subtype": "spell.thunderbolt",
          "addInfo": [3, 2]
        },

        "values": [0, 0, 0, 0, 0, 0, 0, 10, 20, 20]
      }
    ],

    "advMapAmount": {
      "max": 16,
      "min": 8
    },

    "graphics": {
      "animation": "durotar/battle/drake1.def",
      "map": "durotar/map/drake1m.def",
      "iconSmall": "durotar/iconSmall/drake1s.png",
      "iconLarge": "durotar/iconLarge/drake1l.png",
      "timeBetweenFidgets": 1,
      "animationTime": {
        "attack": 1,
        "walk": 1,
        "idle": 10
      }
    },

    "sound": {
      "attack": "durotar/drakeatk.wav",
      "defend": "durotar/drakehit.wav",
      "killed": "durotar/drakedie.wav",
      "move": "durotar/drakefly.wav",
      "wince": "durotar/drakehit.wav"
    }
  }
}
