{
  "drtLv6": {
    "name": {
      "singular": "Tauren",
      "plural": "Taurens"
    },

    "faction": "durotar",
    "level": 6,
    "upgrades": ["drtLv6up"],
    "aiValue": 1500,
    "fightValue": 1380,
    "doubleWide": true,
    "hasDoubleWeek": true,
    "growth": 2,
    "horde": 1,

    "attack": 15,
    "defense": 13,
    "damage": {
       "max": 20,
       "min": 20
    },

    "hitPoints": 80,
    "speed": 9,
    "cost": {
      "gold": 800
    },

    "abilities": {
      "shield1": {
        "type": "GENERAL_DAMAGE_REDUCTION",
        "subtype": 0,
        "val": 20
      },

      "shield2": {
        "type": "GENERAL_DAMAGE_REDUCTION",
        "subtype": 1,
        "val": 20
      }
    },

    "stackExperience": [
      {
        "bonus": {
          "type": "PRIMARY_SKILL",
          "subtype": "primarySkill.attack"
        },

        "values": [1, 2, 3, 4, 4, 5, 6, 7, 8, 9]
      },

      {
        "bonus": {
          "type": "PRIMARY_SKILL",
          "subtype": "primarySkill.defence"
        },

        "values": [1, 2, 2, 3, 4, 5, 6, 7, 8, 9]
      },

      {
        "bonus": {
          "type": "CREATURE_DAMAGE",
          "subtype": 1
        },

        "values": [1, 2, 3, 4, 5, 6, 7, 8, 8, 9]
      },

      {
        "bonus": {
          "type": "CREATURE_DAMAGE",
          "subtype": 2
        },

        "values": [1, 2, 3, 4, 5, 6, 7, 8, 8, 9]
      },

      {
        "bonus": {
          "type": "STACKS_SPEED"
        },

        "values": [1, 1, 1, 2, 2, 2, 3, 3, 3, 4]
      },

      {
        "bonus": {
          "type": "STACK_HEALTH",
          "valueType": "PERCENT_TO_BASE"
        },

        "values": [5, 10, 15, 20, 25, 30, 35, 40, 45, 50]
      },

      {
        "bonus": {
          "type": "GENERAL_DAMAGE_REDUCTION",
          "subtype": 0
        },

        "values": [5, 10, 10, 15, 15, 20, 20, 25, 30, 30]
      },

      {
        "bonus": {
          "type": "GENERAL_DAMAGE_REDUCTION",
          "subtype": 1
        },

        "values": [5, 10, 10, 15, 15, 20, 20, 25, 30, 30]
      },

      {
        "bonus": {
          "type": "FEARLESS"
        },

        "values": [false, false, true, true, true, true, true, true, true, true]
      },

      {
        "bonus": {
          "type": "ENEMY_DEFENCE_REDUCTION"
        },

        "values": [0, 0, 0, 0, 0, 0, 0, 10, 20, 20]
      }
    ],

    "advMapAmount": {
      "max": 12,
      "min": 5
    },

    "graphics": {
      "animation": "durotar/battle/gronn1.def",
      "map": "durotar/map/gronn1m.def",
      "iconSmall": "durotar/iconSmall/gronn1s.png",
      "iconLarge": "durotar/iconLarge/gronn1l.png",
      "timeBetweenFidgets": 1,
      "animationTime": {
        "attack": 1,
        "walk": 1,
        "idle": 10
      }
    },

    "sound": {
      "attack": "durotar/gronnatk.wav",
      "defend": "durotar/gronnhit.wav",
      "killed": "durotar/gronndie.wav",
      "move": "durotar/gronnwlk.wav",
      "wince": "durotar/gronnhit.wav"
    }
  }
}
