{
  "drtLv6up": {
    "name": {
      "singular": "Bloodhoof Tauren",
      "plural": "Bloodhoof Taurens"
    },

    "faction": "durotar",
    "level": 6,
    "aiValue": 2100,
    "fightValue": 1840,
    "doubleWide": true,
    "hasDoubleWeek": true,
    "growth": 2,
    "horde": 1,

    "attack": 16,
    "defense": 14,
    "damage": {
      "max": 21,
      "min": 21
    },

    "hitPoints": 90,
    "speed": 11,
    "cost": {
      "gold": 1100
    },

    "abilities": {
      "shield1": {
        "type": "GENERAL_DAMAGE_REDUCTION",
        "subtype": 0,
        "val": 30
      },

      "shield2": {
        "type": "GENERAL_DAMAGE_REDUCTION",
        "subtype": 1,
        "val": 30
      },

      "fearless": {
        "type": "FEARLESS"
      },

      "mirth": {
        "type": "MORALE",
        "valueType": "INDEPENDENT_MAX",
        "val": 1,
        "propagator": "HERO"
      }
    },

    "stackExperience": [
      {
        "bonus": {
          "type": "PRIMARY_SKILL",
          "subtype": "primarySkill.attack"
        },

        "values": [1, 2, 3, 4, 4, 5, 6, 7, 8, 9]
      },

      {
        "bonus": {
          "type": "PRIMARY_SKILL",
          "subtype": "primarySkill.defence"
        },

        "values": [1, 2, 2, 3, 4, 5, 6, 7, 8, 9]
      },

      {
        "bonus": {
          "type": "CREATURE_DAMAGE",
          "subtype": 1
        },

        "values": [1, 2, 3, 4, 5, 6, 7, 8, 8, 9]
      },

      {
        "bonus": {
          "type": "CREATURE_DAMAGE",
          "subtype": 2
        },

        "values": [1, 2, 3, 4, 5, 6, 7, 8, 8, 9]
      },

      {
        "bonus": {
          "type": "STACKS_SPEED"
        },

        "values": [1, 1, 1, 2, 2, 2, 3, 3, 3, 4]
      },

      {
        "bonus": {
          "type": "STACK_HEALTH",
          "valueType": "PERCENT_TO_BASE"
        },

        "values": [5, 10, 15, 20, 25, 30, 35, 40, 45, 50]
      },

      {
        "bonus": {
          "type": "GENERAL_DAMAGE_REDUCTION",
          "subtype": 0
        },

        "values": [10, 15, 20, 25, 30, 35, 40, 45, 50, 50]
      },

      {
        "bonus": {
          "type": "GENERAL_DAMAGE_REDUCTION",
          "subtype": 1
        },

        "values": [10, 15, 20, 25, 30, 35, 40, 45, 50, 50]
      },

      {
        "bonus": {
          "type": "ENEMY_DEFENCE_REDUCTION"
        },

        "values": [0, 0, 10, 15, 20, 25, 30, 40, 50, 50]
      },

      {
        "bonus": {
          "type": "DEATH_STARE",
          "subtype": 0
        },

        "values": [0, 0, 0, 0, 0, 0, 0, 10, 15, 15]
      }
    ],

    "advMapAmount": {
      "max": 10,
      "min": 5
    },

    "graphics": {
      "animation": "durotar/battle/gronn2.def",
      "map": "durotar/map/gronn2m.def",
      "iconSmall": "durotar/iconSmall/gronn2s.png",
      "iconLarge": "durotar/iconLarge/gronn2l.png",
      "timeBetweenFidgets": 1,
      "animationTime": {
        "attack": 1,
        "walk": 1,
        "idle": 10
      }
    },

    "sound": {
      "attack": "durotar/gronnatk.wav",
      "defend": "durotar/gronnhit.wav",
      "killed": "durotar/gronndie.wav",
      "move": "durotar/gronnwlk.wav",
      "wince": "durotar/gronnhit.wav"
    }
  }
}
