{
  "drtLv7": {
    "name": {
      "singular": "Fire Dragon",
      "plural": "Fire Dragons"
    },

    "faction": "durotar",
    "level": 7,
    "upgrades": ["drtLv7up"],
    "aiValue": 6100,
    "fightValue": 4940,
    "doubleWide": true,
    "hasDoubleWeek": false,
    "growth": 1,
    "horde": 1,

    "attack": 18,
    "defense": 18,
    "damage": {
      "max": 45,
      "min": 45
    },

    "hitPoints": 180,
    "speed": 12,
    "cost": {
      "gold": 2000,
      "gems": 1
    },

    "abilities": {
      "king": {
        "type": "KING",
        "val": 1
      },

      "dragon": {
        "type": "DRAGON_NATURE"
      },

      "fly": {
        "type": "FLYING"
      },

      "breath": {
        "type": "TWO_HEX_ATTACK_BREATH"
      },

      "immunity": {
        "type": "LEVEL_SPELL_IMMUNITY",
        "val": 3
      },

      "duration": {
        "type": "CREATURE_ENCHANT_POWER",
        "val": 3
      }
    },

    "stackExperience": [
      {
        "bonus": {
          "type": "PRIMARY_SKILL",
          "subtype": "primarySkill.attack"
        },

        "values": [1, 2, 3, 4, 5, 6, 7, 8, 9, 10]
      },

      {
        "bonus": {
          "type": "PRIMARY_SKILL",
          "subtype": "primarySkill.defence"
        },

        "values": [1, 2, 3, 4, 5, 6, 7, 8, 9, 10]
      },

      {
        "bonus": {
          "type": "CREATURE_DAMAGE",
          "subtype": 1
        },

        "values": [1, 2, 3, 4, 5, 6, 7, 8, 9, 10]
      },

      {
        "bonus": {
          "type": "CREATURE_DAMAGE",
          "subtype": 2
        },

        "values": [1, 2, 3, 4, 5, 6, 7, 8, 9, 10]
      },

      {
        "bonus": {
          "type": "STACKS_SPEED"
        },

        "values": [1, 1, 2, 2, 3, 3, 4, 4, 5, 5]
      },

      {
        "bonus": {
          "type": "STACK_HEALTH",
          "valueType": "PERCENT_TO_BASE"
        },

        "values": [5, 10, 15, 20, 25, 30, 35, 40, 45, 50]
      },

      {
        "bonus": {
          "type": "FEARLESS"
        },

        "values": [false, true, true, true, true, true, true, true, true, true]
      },

      {
        "bonus": {
          "type": "SPELL_BEFORE_ATTACK",
          "subtype": "spell.prayer",
          "addInfo": [3, 2]
        },

        "values": [0, 10, 10, 15, 15, 20, 20, 25, 25, 25]
      },

      {
        "bonus": {
          "type": "MAGIC_RESISTANCE",
          "propagator": "HERO"
        },

        "values": [0, 0, 0, 0, 0, 0, 10, 15, 20, 20]
      },

      {
        "bonus": {
          "type": "FEAR"
        },

        "values": [false, false, false, false, false, false, false, true, true, true]
      }
    ],

    "advMapAmount": {
      "max": 10,
      "min": 4
    },

    "graphics": {
      "animation": "durotar/battle/fireDragon.def",
      "map": "durotar/map/fireDragon-m.def",
      "iconSmall": "durotar/iconSmall/fireDragon-s.png",
      "iconLarge": "durotar/iconLarge/fireDragon-l.png",
      "timeBetweenFidgets": 1,
      "animationTime": {
        "attack": 1,
        "walk": 1,
        "idle": 10
      }
    },

    "sound": {
      "attack": "durotar/dragonAtk.wav",
      "defend": "durotar/dragonDef.wav",
      "killed": "durotar/dragonKill.wav",
      "move": "durotar/dragonMove.wav",
      "wince": "durotar/dragonWince.wav"
    }
  }
}
