{
  "drtLv7up": {
    "name": {
      "singular": "Red Dragon",
      "plural": "Red Dragons"
    },

    "faction": "durotar",
    "level": 7,
    "aiValue": 9000,
    "fightValue": 5560,
    "doubleWide": true,
    "hasDoubleWeek": false,
    "growth": 1,
    "horde": 1,

    "attack": 25,
    "defense": 25,
    "damage": {
      "max": 45,
      "min": 45
    },

    "hitPoints": 300,
    "speed": 15,
    "cost": {
      "gold": 3500,
      "gems": 2
    },

    "abilities": {
      "king": {
        "type": "KING",
        "val": 2
      },

      "dragon": {
        "type": "DRAGON_NATURE"
      },

      "fly": {
        "type": "FLYING"
      },

      "breath": {
        "type": "TWO_HEX_ATTACK_BREATH"
      },

      "immunity": {
        "type": "LEVEL_SPELL_IMMUNITY",
        "val": 5
      },

      "duration": {
        "type": "CREATURE_ENCHANT_POWER",
        "val": 3
      },

      "fearless": {
        "type": "FEARLESS"
      },

      "prayer": {
        "type": "SPELL_BEFORE_ATTACK",
        "subtype": "spell.prayer",
        "addInfo": [3, 2],
        "val": 5
      }
    },

    "stackExperience": [
      {
        "bonus": {
          "type": "PRIMARY_SKILL",
          "subtype": "primarySkill.attack"
        },

        "values": [1, 2, 3, 4, 5, 6, 7, 8, 9, 10]
      },

      {
        "bonus": {
          "type": "PRIMARY_SKILL",
          "subtype": "primarySkill.defence"
        },

        "values": [1, 2, 3, 4, 5, 6, 7, 8, 9, 10]
      },

      {
        "bonus": {
          "type": "CREATURE_DAMAGE",
          "subtype": 1
        },

        "values": [1, 2, 3, 4, 5, 6, 7, 8, 9, 10]
      },

      {
        "bonus": {
          "type": "CREATURE_DAMAGE",
          "subtype": 2
        },

        "values": [1, 2, 3, 4, 5, 6, 7, 8, 9, 10]
      },

      {
        "bonus": {
          "type": "STACKS_SPEED"
        },

        "values": [1, 1, 2, 2, 3, 3, 4, 4, 5, 5]
      },

      {
        "bonus": {
          "type": "STACK_HEALTH",
          "valueType": "PERCENT_TO_BASE"
        },

        "values": [5, 10, 15, 20, 25, 30, 35, 40, 45, 50]
      },

      {
        "bonus": {
          "type": "SPELL_BEFORE_ATTACK",
          "subtype": "spell.prayer",
          "addInfo": [3, 2]
        },

        "values": [15, 20, 25, 30, 35, 40, 50, 60, 70, 70]
      },

      {
        "bonus": {
          "type": "MAGIC_RESISTANCE",
          "propagator": "HERO"
        },

        "values": [0, 10, 15, 20, 25, 30, 40, 50, 60, 60]
      },

      {
        "bonus": {
          "type": "FEAR"
        },

        "values": [false, true, true, true, true, true, true, true, true, true]
      },

      {
        "bonus": {
          "type": "RECEPTIVE"
        },

        "values": [false, false, false, false, false, false, true, true, true, true]
      }
    ],

    "advMapAmount": {
      "max": 8,
      "min": 3
    },

    "graphics": {
      "animation": "durotar/battle/yellowDragon.def",
      "map": "durotar/map/yellowDragon-m.def",
      "iconSmall": "durotar/iconSmall/yellowDragon-s.png",
      "iconLarge": "durotar/iconLarge/yellowDragon-l.png",
      "timeBetweenFidgets": 1,
      "animationTime": {
        "attack": 1,
        "walk": 1,
        "idle": 10
      }
    },

    "sound": {
      "attack": "durotar/dragonAtk.wav",
      "defend": "durotar/dragonDef.wav",
      "killed": "durotar/dragonKill.wav",
      "move": "durotar/dragonMove.wav",
      "wince": "durotar/dragonWince.wav"
    }
  }
}
